,anxiety_level,self_esteem,mental_health_history,depression,headache,blood_pressure,sleep_quality,breathing_problem,noise_level,living_conditions,safety,basic_needs,academic_performance,study_load,teacher_student_relationship,future_career_concerns,social_support,peer_pressure,extracurricular_activities,bullying,stress_level
count,1100.0,1100.0,1100.0,1100.0,1100.0,1100.0,1100.0,1100.0,1100.0,1100.0,1100.0,1100.0,1100.0,1100.0,1100.0,1100.0,1100.0,1100.0,1100.0,1100.0,1100.0
mean,11.063636363636364,17.777272727272727,0.49272727272727274,12.555454545454545,2.5081818181818183,2.1818181818181817,2.66,2.7536363636363634,2.649090909090909,2.518181818181818,2.7372727272727273,2.772727272727273,2.772727272727273,2.6218181818181816,2.648181818181818,2.649090909090909,1.8818181818181818,2.7345454545454544,2.767272727272727,2.617272727272727,0.9963636363636363
std,6.117558185828904,8.944599064677352,0.5001745083837833,7.727008355046028,1.4093559611853959,0.833574564582657,1.5483825838673264,1.400713276814644,1.3281268462931117,1.1192079139003541,1.4061711830285162,1.4337609438834202,1.414593707664238,1.3157810135954517,1.3845785119378664,1.5293754162083746,1.0478264533233665,1.4252650960184092,1.417562344687301,1.53095800387489,0.8216726845260947
min,0.0,0.0,0.0,0.0,0.0,1.0,0.0,0.0,0.0,0.0,0.0,0.0,0.0,0.0,0.0,0.0,0.0,0.0,0.0,0.0,0.0
25%,6.0,11.0,0.0,6.0,1.0,1.0,1.0,2.0,2.0,2.0,2.0,2.0,2.0,2.0,2.0,1.0,1.0,2.0,2.0,1.0,0.0
50%,11.0,19.0,0.0,12.0,3.0,2.0,2.5,3.0,3.0,2.0,2.0,3.0,2.0,2.0,2.0,2.0,2.0,2.0,2.5,3.0,1.0
75%,16.0,26.0,1.0,19.0,3.0,3.0,4.0,4.0,3.0,3.0,4.0,4.0,4.0,3.0,4.0,4.0,3.0,4.0,4.0,4.0,2.0
max,21.0,30.0,1.0,27.0,5.0,3.0,5.0,5.0,5.0,5.0,5.0,5.0,5.0,5.0,5.0,5.0,3.0,5.0,5.0,5.0,2.0
